location,country_key,country_code,country_name,circuit_key,circuit_short_name,session_type,session_name,date_start,date_end,gmt_offset,session_key,meeting_key,year
Sakhir,36,BRN,Bahrain,63,Sakhir,Practice,Practice 1,2023-02-23T07:00:00+00:00,2023-02-23T16:30:00+00:00,03:00:00,9222,1140,2023
Sakhir,36,BRN,Bahrain,63,Sakhir,Practice,Practice 2,2023-02-24T07:00:00+00:00,2023-02-24T16:30:00+00:00,03:00:00,7763,1140,2023
Sakhir,36,BRN,Bahrain,63,Sakhir,Practice,Practice 3,2023-02-25T07:00:00+00:00,2023-02-25T16:30:00+00:00,03:00:00,7764,1140,2023
Sakhir,36,BRN,Bahrain,63,Sakhir,Practice,Practice 1,2023-03-03T11:30:00+00:00,2023-03-03T12:30:00+00:00,03:00:00,7765,1141,2023
Sakhir,36,BRN,Bahrain,63,Sakhir,Practice,Practice 2,2023-03-03T15:00:00+00:00,2023-03-03T16:00:00+00:00,03:00:00,7766,1141,2023
Sakhir,36,BRN,Bahrain,63,Sakhir,Practice,Practice 3,2023-03-04T11:30:00+00:00,2023-03-04T12:30:00+00:00,03:00:00,7767,1141,2023
Sakhir,36,BRN,Bahrain,63,Sakhir,Qualifying,Qualifying,2023-03-04T15:00:00+00:00,2023-03-04T16:00:00+00:00,03:00:00,7768,1141,2023
Sakhir,36,BRN,Bahrain,63,Sakhir,Race,Race,2023-03-05T15:00:00+00:00,2023-03-05T17:00:00+00:00,03:00:00,7953,1141,2023
Jeddah,153,KSA,Saudi Arabia,149,Jeddah,Practice,Practice 1,2023-03-17T13:30:00+00:00,2023-03-17T14:30:00+00:00,03:00:00,7772,1142,2023
Jeddah,153,KSA,Saudi Arabia,149,Jeddah,Practice,Practice 2,2023-03-17T17:00:00+00:00,2023-03-17T18:00:00+00:00,03:00:00,7773,1142,2023
Jeddah,153,KSA,Saudi Arabia,149,Jeddah,Practice,Practice 3,2023-03-18T13:30:00+00:00,2023-03-18T14:30:00+00:00,03:00:00,7774,1142,2023
Jeddah,153,KSA,Saudi Arabia,149,Jeddah,Qualifying,Qualifying,2023-03-18T17:00:00+00:00,2023-03-18T18:00:00+00:00,03:00:00,7775,1142,2023
Jeddah,153,KSA,Saudi Arabia,149,Jeddah,Race,Race,2023-03-19T17:00:00+00:00,2023-03-19T19:00:00+00:00,03:00:00,7779,1142,2023
Melbourne,5,AUS,Australia,10,Melbourne,Practice,Practice 1,2023-03-31T01:30:00+00:00,2023-03-31T02:30:00+00:00,11:00:00,7780,1143,2023
Melbourne,5,AUS,Australia,10,Melbourne,Practice,Practice 2,2023-03-31T05:00:00+00:00,2023-03-31T06:00:00+00:00,11:00:00,7781,1143,2023
Melbourne,5,AUS,Australia,10,Melbourne,Practice,Practice 3,2023-04-01T01:30:00+00:00,2023-04-01T02:30:00+00:00,11:00:00,7782,1143,2023
Melbourne,5,AUS,Australia,10,Melbourne,Qualifying,Qualifying,2023-04-01T05:00:00+00:00,2023-04-01T06:00:00+00:00,11:00:00,7783,1143,2023
Melbourne,5,AUS,Australia,10,Melbourne,Race,Race,2023-04-02T05:00:00+00:00,2023-04-02T07:00:00+00:00,10:00:00,7787,1143,2023
Baku,30,AZE,Azerbaijan,144,Baku,Practice,Practice 1,2023-04-28T09:30:00+00:00,2023-04-28T10:30:00+00:00,04:00:00,9063,1207,2023
Baku,30,AZE,Azerbaijan,144,Baku,Qualifying,Qualifying,2023-04-28T13:00:00+00:00,2023-04-28T14:00:00+00:00,04:00:00,9064,1207,2023
Baku,30,AZE,Azerbaijan,144,Baku,Qualifying,Sprint Shootout,2023-04-29T08:30:00+00:00,2023-04-29T09:14:00+00:00,04:00:00,9278,1207,2023
Baku,30,AZE,Azerbaijan,144,Baku,Race,Sprint,2023-04-29T13:30:00+00:00,2023-04-29T14:00:00+00:00,04:00:00,9069,1207,2023
Baku,30,AZE,Azerbaijan,144,Baku,Race,Race,2023-04-30T11:00:00+00:00,2023-04-30T13:00:00+00:00,04:00:00,9070,1207,2023
Miami,19,USA,United States,151,Miami,Practice,Practice 1,2023-05-05T18:00:00+00:00,2023-05-05T19:00:00+00:00,-04:00:00,9071,1208,2023
Miami,19,USA,United States,151,Miami,Practice,Practice 2,2023-05-05T21:30:00+00:00,2023-05-05T22:30:00+00:00,-04:00:00,9072,1208,2023
Miami,19,USA,United States,151,Miami,Practice,Practice 3,2023-05-06T16:30:00+00:00,2023-05-06T17:30:00+00:00,-04:00:00,9073,1208,2023
Miami,19,USA,United States,151,Miami,Qualifying,Qualifying,2023-05-06T20:00:00+00:00,2023-05-06T21:00:00+00:00,-04:00:00,9074,1208,2023
Miami,19,USA,United States,151,Miami,Race,Race,2023-05-07T19:30:00+00:00,2023-05-07T21:30:00+00:00,-04:00:00,9078,1208,2023
Monaco,114,MON,Monaco,22,Monte Carlo,Practice,Practice 1,2023-05-26T11:30:00+00:00,2023-05-26T12:30:00+00:00,02:00:00,9087,1210,2023
Monaco,114,MON,Monaco,22,Monte Carlo,Practice,Practice 2,2023-05-26T15:00:00+00:00,2023-05-26T16:00:00+00:00,02:00:00,9088,1210,2023
Monaco,114,MON,Monaco,22,Monte Carlo,Practice,Practice 3,2023-05-27T10:30:00+00:00,2023-05-27T11:30:00+00:00,02:00:00,9089,1210,2023
Monaco,114,MON,Monaco,22,Monte Carlo,Qualifying,Qualifying,2023-05-27T14:00:00+00:00,2023-05-27T15:00:00+00:00,02:00:00,9090,1210,2023
Monaco,114,MON,Monaco,22,Monte Carlo,Race,Race,2023-05-28T13:00:00+00:00,2023-05-28T15:00:00+00:00,02:00:00,9094,1210,2023
Barcelona,1,ESP,Spain,15,Catalunya,Practice,Practice 1,2023-06-02T11:30:00+00:00,2023-06-02T12:30:00+00:00,02:00:00,9095,1211,2023
Barcelona,1,ESP,Spain,15,Catalunya,Practice,Practice 2,2023-06-02T15:00:00+00:00,2023-06-02T16:00:00+00:00,02:00:00,9096,1211,2023
Barcelona,1,ESP,Spain,15,Catalunya,Practice,Practice 3,2023-06-03T10:30:00+00:00,2023-06-03T11:30:00+00:00,02:00:00,9097,1211,2023
Barcelona,1,ESP,Spain,15,Catalunya,Qualifying,Qualifying,2023-06-03T14:00:00+00:00,2023-06-03T15:00:00+00:00,02:00:00,9098,1211,2023
Barcelona,1,ESP,Spain,15,Catalunya,Race,Race,2023-06-04T13:00:00+00:00,2023-06-04T15:00:00+00:00,02:00:00,9102,1211,2023
Montréal,46,CAN,Canada,23,Montreal,Practice,Practice 1,2023-06-16T17:30:00+00:00,2023-06-16T18:30:00+00:00,-04:00:00,9103,1212,2023
Montréal,46,CAN,Canada,23,Montreal,Practice,Practice 2,2023-06-16T20:30:00+00:00,2023-06-16T22:00:00+00:00,-04:00:00,9104,1212,2023
Montréal,46,CAN,Canada,23,Montreal,Practice,Practice 3,2023-06-17T16:30:00+00:00,2023-06-17T17:30:00+00:00,-04:00:00,9105,1212,2023
Montréal,46,CAN,Canada,23,Montreal,Qualifying,Qualifying,2023-06-17T20:00:00+00:00,2023-06-17T21:00:00+00:00,-04:00:00,9106,1212,2023
Montréal,46,CAN,Canada,23,Montreal,Race,Race,2023-06-18T18:00:00+00:00,2023-06-18T20:00:00+00:00,-04:00:00,9110,1212,2023
Spielberg,17,AUT,Austria,19,Spielberg,Qualifying,Qualifying,2023-06-30T15:00:00+00:00,2023-06-30T16:00:00+00:00,02:00:00,9112,1213,2023
Spielberg,17,AUT,Austria,19,Spielberg,Qualifying,Sprint Shootout,2023-07-01T10:00:00+00:00,2023-07-01T10:44:00+00:00,02:00:00,9282,1213,2023
Spielberg,17,AUT,Austria,19,Spielberg,Race,Sprint,2023-07-01T14:30:00+00:00,2023-07-01T15:00:00+00:00,02:00:00,9117,1213,2023
Spielberg,17,AUT,Austria,19,Spielberg,Race,Race,2023-07-02T13:00:00+00:00,2023-07-02T15:00:00+00:00,02:00:00,9118,1213,2023
Silverstone,2,GBR,Great Britain,2,Silverstone,Practice,Practice 1,2023-07-07T11:30:00+00:00,2023-07-07T12:30:00+00:00,01:00:00,9119,1214,2023
Silverstone,2,GBR,Great Britain,2,Silverstone,Practice,Practice 2,2023-07-07T15:00:00+00:00,2023-07-07T16:00:00+00:00,01:00:00,9120,1214,2023
Silverstone,2,GBR,Great Britain,2,Silverstone,Practice,Practice 3,2023-07-08T10:30:00+00:00,2023-07-08T11:30:00+00:00,01:00:00,9121,1214,2023
Silverstone,2,GBR,Great Britain,2,Silverstone,Qualifying,Qualifying,2023-07-08T14:00:00+00:00,2023-07-08T15:00:00+00:00,01:00:00,9122,1214,2023
Silverstone,2,GBR,Great Britain,2,Silverstone,Race,Race,2023-07-09T14:00:00+00:00,2023-07-09T16:00:00+00:00,01:00:00,9126,1214,2023
Budapest,14,HUN,Hungary,4,Hungaroring,Practice,Practice 1,2023-07-21T11:30:00+00:00,2023-07-21T12:30:00+00:00,02:00:00,9223,1215,2023
Budapest,14,HUN,Hungary,4,Hungaroring,Practice,Practice 2,2023-07-21T15:00:00+00:00,2023-07-21T16:00:00+00:00,02:00:00,9127,1215,2023
Budapest,14,HUN,Hungary,4,Hungaroring,Practice,Practice 3,2023-07-22T10:30:00+00:00,2023-07-22T11:30:00+00:00,02:00:00,9128,1215,2023
Budapest,14,HUN,Hungary,4,Hungaroring,Qualifying,Qualifying,2023-07-22T14:00:00+00:00,2023-07-22T15:00:00+00:00,02:00:00,9129,1215,2023
Budapest,14,HUN,Hungary,4,Hungaroring,Race,Race,2023-07-23T13:00:00+00:00,2023-07-23T15:00:00+00:00,02:00:00,9133,1215,2023
Spa-Francorchamps,16,BEL,Belgium,7,Spa-Francorchamps,Practice,Practice 1,2023-07-28T11:30:00+00:00,2023-07-28T12:30:00+00:00,02:00:00,9134,1216,2023
Spa-Francorchamps,16,BEL,Belgium,7,Spa-Francorchamps,Qualifying,Qualifying,2023-07-28T15:00:00+00:00,2023-07-28T16:00:00+00:00,02:00:00,9135,1216,2023
Spa-Francorchamps,16,BEL,Belgium,7,Spa-Francorchamps,Qualifying,Sprint Shootout,2023-07-29T10:00:00+00:00,2023-07-29T10:44:00+00:00,02:00:00,9286,1216,2023
Spa-Francorchamps,16,BEL,Belgium,7,Spa-Francorchamps,Race,Sprint,2023-07-29T15:05:00+00:00,2023-07-29T15:35:00+00:00,02:00:00,9140,1216,2023
Spa-Francorchamps,16,BEL,Belgium,7,Spa-Francorchamps,Race,Race,2023-07-30T13:00:00+00:00,2023-07-30T15:00:00+00:00,02:00:00,9141,1216,2023
Zandvoort,133,NED,Netherlands,55,Zandvoort,Practice,Practice 1,2023-08-25T10:30:00+00:00,2023-08-25T11:30:00+00:00,02:00:00,9142,1217,2023
Zandvoort,133,NED,Netherlands,55,Zandvoort,Practice,Practice 2,2023-08-25T14:00:00+00:00,2023-08-25T15:00:00+00:00,02:00:00,9143,1217,2023
Zandvoort,133,NED,Netherlands,55,Zandvoort,Practice,Practice 3,2023-08-26T09:30:00+00:00,2023-08-26T10:30:00+00:00,02:00:00,9144,1217,2023
Zandvoort,133,NED,Netherlands,55,Zandvoort,Qualifying,Qualifying,2023-08-26T13:00:00+00:00,2023-08-26T14:00:00+00:00,02:00:00,9145,1217,2023
Zandvoort,133,NED,Netherlands,55,Zandvoort,Race,Race,2023-08-27T13:00:00+00:00,2023-08-27T15:00:00+00:00,02:00:00,9149,1217,2023
Monza,13,ITA,Italy,39,Monza,Practice,Practice 1,2023-09-01T11:30:00+00:00,2023-09-01T12:30:00+00:00,02:00:00,9150,1218,2023
Monza,13,ITA,Italy,39,Monza,Practice,Practice 2,2023-09-01T15:00:00+00:00,2023-09-01T16:00:00+00:00,02:00:00,9151,1218,2023
Monza,13,ITA,Italy,39,Monza,Practice,Practice 3,2023-09-02T10:30:00+00:00,2023-09-02T11:30:00+00:00,02:00:00,9152,1218,2023
Monza,13,ITA,Italy,39,Monza,Qualifying,Qualifying,2023-09-02T14:00:00+00:00,2023-09-02T15:00:00+00:00,02:00:00,9153,1218,2023
Monza,13,ITA,Italy,39,Monza,Race,Race,2023-09-03T13:00:00+00:00,2023-09-03T15:00:00+00:00,02:00:00,9157,1218,2023
Marina Bay,157,SGP,Singapore,61,Singapore,Practice,Practice 1,2023-09-15T09:30:00+00:00,2023-09-15T10:30:00+00:00,08:00:00,9158,1219,2023
Marina Bay,157,SGP,Singapore,61,Singapore,Practice,Practice 2,2023-09-15T13:00:00+00:00,2023-09-15T14:00:00+00:00,08:00:00,9159,1219,2023
Marina Bay,157,SGP,Singapore,61,Singapore,Practice,Practice 3,2023-09-16T09:30:00+00:00,2023-09-16T10:30:00+00:00,08:00:00,9160,1219,2023
Marina Bay,157,SGP,Singapore,61,Singapore,Qualifying,Qualifying,2023-09-16T13:00:00+00:00,2023-09-16T14:00:00+00:00,08:00:00,9161,1219,2023
Marina Bay,157,SGP,Singapore,61,Singapore,Race,Race,2023-09-17T12:00:00+00:00,2023-09-17T14:00:00+00:00,08:00:00,9165,1219,2023
Suzuka,4,JPN,Japan,46,Suzuka,Practice,Practice 1,2023-09-22T02:30:00+00:00,2023-09-22T03:30:00+00:00,09:00:00,9166,1220,2023
Suzuka,4,JPN,Japan,46,Suzuka,Practice,Practice 2,2023-09-22T06:00:00+00:00,2023-09-22T07:00:00+00:00,09:00:00,9167,1220,2023
Suzuka,4,JPN,Japan,46,Suzuka,Practice,Practice 3,2023-09-23T02:30:00+00:00,2023-09-23T03:30:00+00:00,09:00:00,9168,1220,2023
Suzuka,4,JPN,Japan,46,Suzuka,Qualifying,Qualifying,2023-09-23T06:00:00+00:00,2023-09-23T07:00:00+00:00,09:00:00,9169,1220,2023
Suzuka,4,JPN,Japan,46,Suzuka,Race,Race,2023-09-24T05:00:00+00:00,2023-09-24T07:00:00+00:00,09:00:00,9173,1220,2023
Lusail,149,QAT,Qatar,150,Lusail,Practice,Practice 1,2023-10-06T13:30:00+00:00,2023-10-06T14:30:00+00:00,03:00:00,9214,1221,2023
Lusail,149,QAT,Qatar,150,Lusail,Qualifying,Qualifying,2023-10-06T17:00:00+00:00,2023-10-06T18:00:00+00:00,03:00:00,9215,1221,2023
Lusail,149,QAT,Qatar,150,Lusail,Qualifying,Sprint Shootout,2023-10-07T13:20:00+00:00,2023-10-07T14:04:00+00:00,03:00:00,9298,1221,2023
Lusail,149,QAT,Qatar,150,Lusail,Race,Sprint,2023-10-07T17:30:00+00:00,2023-10-07T18:30:00+00:00,03:00:00,9220,1221,2023
Lusail,149,QAT,Qatar,150,Lusail,Race,Race,2023-10-08T17:00:00+00:00,2023-10-08T19:00:00+00:00,03:00:00,9221,1221,2023
Austin,19,USA,United States,9,Austin,Practice,Practice 1,2023-10-20T17:30:00+00:00,2023-10-20T18:30:00+00:00,-05:00:00,9206,1222,2023
Austin,19,USA,United States,9,Austin,Qualifying,Qualifying,2023-10-20T21:00:00+00:00,2023-10-20T22:00:00+00:00,-05:00:00,9207,1222,2023
Austin,19,USA,United States,9,Austin,Qualifying,Sprint Shootout,2023-10-21T17:30:00+00:00,2023-10-21T18:14:00+00:00,-05:00:00,9294,1222,2023
Austin,19,USA,United States,9,Austin,Race,Sprint,2023-10-21T22:00:00+00:00,2023-10-21T23:00:00+00:00,-05:00:00,9212,1222,2023
Austin,19,USA,United States,9,Austin,Race,Race,2023-10-22T19:00:00+00:00,2023-10-22T21:00:00+00:00,-05:00:00,9213,1222,2023
Mexico City,8,MEX,Mexico,65,Mexico City,Practice,Practice 1,2023-10-27T18:30:00+00:00,2023-10-27T19:30:00+00:00,-06:00:00,9174,1223,2023
Mexico City,8,MEX,Mexico,65,Mexico City,Practice,Practice 2,2023-10-27T22:00:00+00:00,2023-10-27T23:00:00+00:00,-06:00:00,9175,1223,2023
Mexico City,8,MEX,Mexico,65,Mexico City,Practice,Practice 3,2023-10-28T17:30:00+00:00,2023-10-28T18:30:00+00:00,-06:00:00,9176,1223,2023
Mexico City,8,MEX,Mexico,65,Mexico City,Qualifying,Qualifying,2023-10-28T21:00:00+00:00,2023-10-28T22:00:00+00:00,-06:00:00,9177,1223,2023
Mexico City,8,MEX,Mexico,65,Mexico City,Race,Race,2023-10-29T20:00:00+00:00,2023-10-29T22:00:00+00:00,-06:00:00,9181,1223,2023
São Paulo,10,BRA,Brazil,14,Interlagos,Practice,Practice 1,2023-11-03T14:30:00+00:00,2023-11-03T15:30:00+00:00,-03:00:00,9198,1224,2023
São Paulo,10,BRA,Brazil,14,Interlagos,Qualifying,Qualifying,2023-11-03T18:00:00+00:00,2023-11-03T19:00:00+00:00,-03:00:00,9304,1224,2023
São Paulo,10,BRA,Brazil,14,Interlagos,Qualifying,Sprint Shootout,2023-11-04T14:00:00+00:00,2023-11-04T14:44:00+00:00,-03:00:00,9308,1224,2023
São Paulo,10,BRA,Brazil,14,Interlagos,Race,Sprint,2023-11-04T18:30:00+00:00,2023-11-04T19:00:00+00:00,-03:00:00,9204,1224,2023
São Paulo,10,BRA,Brazil,14,Interlagos,Race,Race,2023-11-05T17:00:00+00:00,2023-11-05T19:00:00+00:00,-03:00:00,9205,1224,2023
Las Vegas,19,USA,United States,152,Las Vegas,Practice,Practice 1,2023-11-17T04:30:00+00:00,2023-11-17T05:30:00+00:00,-08:00:00,9182,1225,2023
Las Vegas,19,USA,United States,152,Las Vegas,Practice,Practice 2,2023-11-17T10:00:00+00:00,2023-11-17T11:30:00+00:00,-08:00:00,9183,1225,2023
Las Vegas,19,USA,United States,152,Las Vegas,Practice,Practice 3,2023-11-18T04:30:00+00:00,2023-11-18T05:30:00+00:00,-08:00:00,9184,1225,2023
Las Vegas,19,USA,United States,152,Las Vegas,Qualifying,Qualifying,2023-11-18T08:00:00+00:00,2023-11-18T09:00:00+00:00,-08:00:00,9314,1225,2023
Las Vegas,19,USA,United States,152,Las Vegas,Race,Race,2023-11-19T06:00:00+00:00,2023-11-19T08:00:00+00:00,-08:00:00,9189,1225,2023
Yas Island,21,UAE,United Arab Emirates,70,Yas Marina Circuit,Practice,Practice 1,2023-11-24T09:30:00+00:00,2023-11-24T10:30:00+00:00,04:00:00,9190,1226,2023
Yas Island,21,UAE,United Arab Emirates,70,Yas Marina Circuit,Practice,Practice 2,2023-11-24T13:00:00+00:00,2023-11-24T14:00:00+00:00,04:00:00,9191,1226,2023
Yas Island,21,UAE,United Arab Emirates,70,Yas Marina Circuit,Practice,Practice 3,2023-11-25T10:30:00+00:00,2023-11-25T11:30:00+00:00,04:00:00,9192,1226,2023
Yas Island,21,UAE,United Arab Emirates,70,Yas Marina Circuit,Qualifying,Qualifying,2023-11-25T14:00:00+00:00,2023-11-25T15:00:00+00:00,04:00:00,9193,1226,2023
Yas Island,21,UAE,United Arab Emirates,70,Yas Marina Circuit,Race,Race,2023-11-26T13:00:00+00:00,2023-11-26T15:00:00+00:00,04:00:00,9197,1226,2023
Sakhir,36,BRN,Bahrain,63,Sakhir,Practice,Practice 1,2024-02-29T11:30:00+00:00,2024-02-29T12:30:00+00:00,03:00:00,9465,1229,2024
Sakhir,36,BRN,Bahrain,63,Sakhir,Practice,Practice 2,2024-02-29T15:00:00+00:00,2024-02-29T16:00:00+00:00,03:00:00,9466,1229,2024
Sakhir,36,BRN,Bahrain,63,Sakhir,Practice,Practice 3,2024-03-01T12:30:00+00:00,2024-03-01T13:30:00+00:00,03:00:00,9467,1229,2024
Sakhir,36,BRN,Bahrain,63,Sakhir,Qualifying,Qualifying,2024-03-01T16:00:00+00:00,2024-03-01T17:00:00+00:00,03:00:00,9468,1229,2024
Sakhir,36,BRN,Bahrain,63,Sakhir,Race,Race,2024-03-02T15:00:00+00:00,2024-03-02T17:00:00+00:00,03:00:00,9472,1229,2024
Jeddah,153,KSA,Saudi Arabia,149,Jeddah,Practice,Practice 1,2024-03-07T13:30:00+00:00,2024-03-07T14:30:00+00:00,03:00:00,9473,1230,2024
Jeddah,153,KSA,Saudi Arabia,149,Jeddah,Practice,Practice 2,2024-03-07T17:00:00+00:00,2024-03-07T18:00:00+00:00,03:00:00,9474,1230,2024
Jeddah,153,KSA,Saudi Arabia,149,Jeddah,Practice,Practice 3,2024-03-08T13:30:00+00:00,2024-03-08T14:30:00+00:00,03:00:00,9475,1230,2024
Jeddah,153,KSA,Saudi Arabia,149,Jeddah,Qualifying,Qualifying,2024-03-08T17:00:00+00:00,2024-03-08T18:00:00+00:00,03:00:00,9476,1230,2024
Jeddah,153,KSA,Saudi Arabia,149,Jeddah,Race,Race,2024-03-09T17:00:00+00:00,2024-03-09T19:00:00+00:00,03:00:00,9480,1230,2024
Melbourne,5,AUS,Australia,10,Melbourne,Practice,Practice 1,2024-03-22T01:30:00+00:00,2024-03-22T02:30:00+00:00,11:00:00,9481,1231,2024
Melbourne,5,AUS,Australia,10,Melbourne,Practice,Practice 2,2024-03-22T05:00:00+00:00,2024-03-22T06:00:00+00:00,11:00:00,9482,1231,2024
Melbourne,5,AUS,Australia,10,Melbourne,Practice,Practice 3,2024-03-23T01:30:00+00:00,2024-03-23T02:30:00+00:00,11:00:00,9483,1231,2024
Melbourne,5,AUS,Australia,10,Melbourne,Qualifying,Qualifying,2024-03-23T05:00:00+00:00,2024-03-23T06:00:00+00:00,11:00:00,9484,1231,2024
Melbourne,5,AUS,Australia,10,Melbourne,Race,Race,2024-03-24T04:00:00+00:00,2024-03-24T06:00:00+00:00,11:00:00,9488,1231,2024
Suzuka,4,JPN,Japan,46,Suzuka,Practice,Practice 1,2024-04-05T02:30:00+00:00,2024-04-05T03:30:00+00:00,09:00:00,9489,1232,2024
Suzuka,4,JPN,Japan,46,Suzuka,Practice,Practice 2,2024-04-05T06:00:00+00:00,2024-04-05T07:00:00+00:00,09:00:00,9490,1232,2024
Suzuka,4,JPN,Japan,46,Suzuka,Practice,Practice 3,2024-04-06T02:30:00+00:00,2024-04-06T03:30:00+00:00,09:00:00,9491,1232,2024
Suzuka,4,JPN,Japan,46,Suzuka,Qualifying,Qualifying,2024-04-06T06:00:00+00:00,2024-04-06T07:00:00+00:00,09:00:00,9492,1232,2024
Suzuka,4,JPN,Japan,46,Suzuka,Race,Race,2024-04-07T05:00:00+00:00,2024-04-07T07:00:00+00:00,09:00:00,9496,1232,2024
Shanghai,53,CHN,China,49,Shanghai,Practice,Practice 1,2024-04-19T03:30:00+00:00,2024-04-19T04:30:00+00:00,08:00:00,9663,1233,2024
Shanghai,53,CHN,China,49,Shanghai,Qualifying,Sprint Qualifying,2024-04-19T07:30:00+00:00,2024-04-19T08:14:00+00:00,08:00:00,9668,1233,2024
Shanghai,53,CHN,China,49,Shanghai,Race,Sprint,2024-04-20T03:00:00+00:00,2024-04-20T03:30:00+00:00,08:00:00,9672,1233,2024
Shanghai,53,CHN,China,49,Shanghai,Qualifying,Qualifying,2024-04-20T07:00:00+00:00,2024-04-20T08:00:00+00:00,08:00:00,9664,1233,2024
Shanghai,53,CHN,China,49,Shanghai,Race,Race,2024-04-21T07:00:00+00:00,2024-04-21T09:00:00+00:00,08:00:00,9673,1233,2024
Miami,19,USA,United States,151,Miami,Practice,Practice 1,2024-05-03T16:30:00+00:00,2024-05-03T17:30:00+00:00,-04:00:00,9497,1234,2024
Miami,19,USA,United States,151,Miami,Qualifying,Sprint Qualifying,2024-05-03T20:30:00+00:00,2024-05-03T21:14:00+00:00,-04:00:00,9502,1234,2024
Miami,19,USA,United States,151,Miami,Race,Sprint,2024-05-04T16:00:00+00:00,2024-05-04T16:30:00+00:00,-04:00:00,9506,1234,2024
Miami,19,USA,United States,151,Miami,Qualifying,Qualifying,2024-05-04T20:00:00+00:00,2024-05-04T21:00:00+00:00,-04:00:00,9498,1234,2024
Miami,19,USA,United States,151,Miami,Race,Race,2024-05-05T20:00:00+00:00,2024-05-05T22:00:00+00:00,-04:00:00,9507,1234,2024
Imola,13,ITA,Italy,6,Imola,Practice,Practice 1,2024-05-17T11:30:00+00:00,2024-05-17T12:30:00+00:00,02:00:00,9508,1235,2024
Imola,13,ITA,Italy,6,Imola,Practice,Practice 2,2024-05-17T15:00:00+00:00,2024-05-17T16:00:00+00:00,02:00:00,9509,1235,2024
Imola,13,ITA,Italy,6,Imola,Practice,Practice 3,2024-05-18T10:30:00+00:00,2024-05-18T11:30:00+00:00,02:00:00,9510,1235,2024
Imola,13,ITA,Italy,6,Imola,Qualifying,Qualifying,2024-05-18T14:00:00+00:00,2024-05-18T15:00:00+00:00,02:00:00,9511,1235,2024
Imola,13,ITA,Italy,6,Imola,Race,Race,2024-05-19T13:00:00+00:00,2024-05-19T15:00:00+00:00,02:00:00,9515,1235,2024
Monaco,114,MON,Monaco,22,Monte Carlo,Practice,Practice 1,2024-05-24T11:30:00+00:00,2024-05-24T12:30:00+00:00,02:00:00,9516,1236,2024
Monaco,114,MON,Monaco,22,Monte Carlo,Practice,Practice 2,2024-05-24T15:00:00+00:00,2024-05-24T16:00:00+00:00,02:00:00,9517,1236,2024
Monaco,114,MON,Monaco,22,Monte Carlo,Practice,Practice 3,2024-05-25T10:30:00+00:00,2024-05-25T11:30:00+00:00,02:00:00,9518,1236,2024
Monaco,114,MON,Monaco,22,Monte Carlo,Qualifying,Qualifying,2024-05-25T14:00:00+00:00,2024-05-25T15:00:00+00:00,02:00:00,9519,1236,2024
Monaco,114,MON,Monaco,22,Monte Carlo,Race,Race,2024-05-26T13:00:00+00:00,2024-05-26T15:00:00+00:00,02:00:00,9523,1236,2024
Montréal,46,CAN,Canada,23,Montreal,Practice,Practice 1,2024-06-07T17:30:00+00:00,2024-06-07T18:30:00+00:00,-04:00:00,9524,1237,2024
Montréal,46,CAN,Canada,23,Montreal,Practice,Practice 2,2024-06-07T21:00:00+00:00,2024-06-07T22:00:00+00:00,-04:00:00,9525,1237,2024
Montréal,46,CAN,Canada,23,Montreal,Practice,Practice 3,2024-06-08T16:30:00+00:00,2024-06-08T17:30:00+00:00,-04:00:00,9526,1237,2024
Montréal,46,CAN,Canada,23,Montreal,Qualifying,Qualifying,2024-06-08T20:00:00+00:00,2024-06-08T21:00:00+00:00,-04:00:00,9527,1237,2024
Montréal,46,CAN,Canada,23,Montreal,Race,Race,2024-06-09T18:00:00+00:00,2024-06-09T20:00:00+00:00,-04:00:00,9531,1237,2024
Barcelona,1,ESP,Spain,15,Catalunya,Practice,Practice 1,2024-06-21T11:30:00+00:00,2024-06-21T12:30:00+00:00,02:00:00,9532,1238,2024
Barcelona,1,ESP,Spain,15,Catalunya,Practice,Practice 2,2024-06-21T15:00:00+00:00,2024-06-21T16:00:00+00:00,02:00:00,9533,1238,2024
Barcelona,1,ESP,Spain,15,Catalunya,Practice,Practice 3,2024-06-22T10:30:00+00:00,2024-06-22T11:30:00+00:00,02:00:00,9534,1238,2024
Barcelona,1,ESP,Spain,15,Catalunya,Qualifying,Qualifying,2024-06-22T14:00:00+00:00,2024-06-22T15:00:00+00:00,02:00:00,9535,1238,2024
Barcelona,1,ESP,Spain,15,Catalunya,Race,Race,2024-06-23T13:00:00+00:00,2024-06-23T15:00:00+00:00,02:00:00,9539,1238,2024
Spielberg,17,AUT,Austria,19,Spielberg,Practice,Practice 1,2024-06-28T10:30:00+00:00,2024-06-28T11:30:00+00:00,02:00:00,9540,1239,2024
Spielberg,17,AUT,Austria,19,Spielberg,Qualifying,Sprint Qualifying,2024-06-28T14:30:00+00:00,2024-06-28T15:14:00+00:00,02:00:00,9545,1239,2024
Spielberg,17,AUT,Austria,19,Spielberg,Race,Sprint,2024-06-29T10:00:00+00:00,2024-06-29T10:30:00+00:00,02:00:00,9549,1239,2024
Spielberg,17,AUT,Austria,19,Spielberg,Qualifying,Qualifying,2024-06-29T14:00:00+00:00,2024-06-29T15:00:00+00:00,02:00:00,9541,1239,2024
Spielberg,17,AUT,Austria,19,Spielberg,Race,Race,2024-06-30T13:00:00+00:00,2024-06-30T15:00:00+00:00,02:00:00,9550,1239,2024
Silverstone,2,GBR,Great Britain,2,Silverstone,Practice,Practice 1,2024-07-05T11:30:00+00:00,2024-07-05T12:30:00+00:00,01:00:00,9551,1240,2024
Silverstone,2,GBR,Great Britain,2,Silverstone,Practice,Practice 2,2024-07-05T15:00:00+00:00,2024-07-05T16:00:00+00:00,01:00:00,9552,1240,2024
Silverstone,2,GBR,Great Britain,2,Silverstone,Practice,Practice 3,2024-07-06T10:30:00+00:00,2024-07-06T11:30:00+00:00,01:00:00,9553,1240,2024
Silverstone,2,GBR,Great Britain,2,Silverstone,Qualifying,Qualifying,2024-07-06T14:00:00+00:00,2024-07-06T15:00:00+00:00,01:00:00,9554,1240,2024
Silverstone,2,GBR,Great Britain,2,Silverstone,Race,Race,2024-07-07T14:00:00+00:00,2024-07-07T16:00:00+00:00,01:00:00,9558,1240,2024
Budapest,14,HUN,Hungary,4,Hungaroring,Practice,Practice 1,2024-07-19T11:30:00+00:00,2024-07-19T12:30:00+00:00,02:00:00,9559,1241,2024
Budapest,14,HUN,Hungary,4,Hungaroring,Practice,Practice 2,2024-07-19T15:00:00+00:00,2024-07-19T16:00:00+00:00,02:00:00,9560,1241,2024
Budapest,14,HUN,Hungary,4,Hungaroring,Practice,Practice 3,2024-07-20T10:30:00+00:00,2024-07-20T11:30:00+00:00,02:00:00,9561,1241,2024
Budapest,14,HUN,Hungary,4,Hungaroring,Qualifying,Qualifying,2024-07-20T14:00:00+00:00,2024-07-20T15:00:00+00:00,02:00:00,9562,1241,2024
Budapest,14,HUN,Hungary,4,Hungaroring,Race,Race,2024-07-21T13:00:00+00:00,2024-07-21T15:00:00+00:00,02:00:00,9566,1241,2024
Spa-Francorchamps,16,BEL,Belgium,7,Spa-Francorchamps,Practice,Practice 1,2024-07-26T11:30:00+00:00,2024-07-26T12:30:00+00:00,02:00:00,9567,1242,2024
Spa-Francorchamps,16,BEL,Belgium,7,Spa-Francorchamps,Practice,Practice 2,2024-07-26T15:00:00+00:00,2024-07-26T16:00:00+00:00,02:00:00,9568,1242,2024
Spa-Francorchamps,16,BEL,Belgium,7,Spa-Francorchamps,Practice,Practice 3,2024-07-27T10:30:00+00:00,2024-07-27T11:30:00+00:00,02:00:00,9569,1242,2024
Spa-Francorchamps,16,BEL,Belgium,7,Spa-Francorchamps,Qualifying,Qualifying,2024-07-27T14:00:00+00:00,2024-07-27T15:00:00+00:00,02:00:00,9570,1242,2024
Spa-Francorchamps,16,BEL,Belgium,7,Spa-Francorchamps,Race,Race,2024-07-28T13:00:00+00:00,2024-07-28T15:00:00+00:00,02:00:00,9574,1242,2024
Zandvoort,133,NED,Netherlands,55,Zandvoort,Practice,Practice 1,2024-08-23T10:30:00+00:00,2024-08-23T11:30:00+00:00,02:00:00,9575,1243,2024
Zandvoort,133,NED,Netherlands,55,Zandvoort,Practice,Practice 2,2024-08-23T14:00:00+00:00,2024-08-23T15:00:00+00:00,02:00:00,9576,1243,2024
Zandvoort,133,NED,Netherlands,55,Zandvoort,Practice,Practice 3,2024-08-24T09:30:00+00:00,2024-08-24T10:30:00+00:00,02:00:00,9577,1243,2024
Zandvoort,133,NED,Netherlands,55,Zandvoort,Qualifying,Qualifying,2024-08-24T13:00:00+00:00,2024-08-24T14:00:00+00:00,02:00:00,9578,1243,2024
Zandvoort,133,NED,Netherlands,55,Zandvoort,Race,Race,2024-08-25T13:00:00+00:00,2024-08-25T15:00:00+00:00,02:00:00,9582,1243,2024
Monza,13,ITA,Italy,39,Monza,Practice,Practice 1,2024-08-30T11:30:00+00:00,2024-08-30T12:30:00+00:00,02:00:00,9583,1244,2024
Monza,13,ITA,Italy,39,Monza,Practice,Practice 2,2024-08-30T15:00:00+00:00,2024-08-30T16:00:00+00:00,02:00:00,9584,1244,2024
Monza,13,ITA,Italy,39,Monza,Practice,Practice 3,2024-08-31T10:30:00+00:00,2024-08-31T11:30:00+00:00,02:00:00,9585,1244,2024
Monza,13,ITA,Italy,39,Monza,Qualifying,Qualifying,2024-08-31T14:00:00+00:00,2024-08-31T15:00:00+00:00,02:00:00,9586,1244,2024
Monza,13,ITA,Italy,39,Monza,Race,Race,2024-09-01T13:00:00+00:00,2024-09-01T15:00:00+00:00,02:00:00,9590,1244,2024
Baku,30,AZE,Azerbaijan,144,Baku,Practice,Practice 1,2024-09-13T09:30:00+00:00,2024-09-13T10:30:00+00:00,04:00:00,9591,1245,2024
Baku,30,AZE,Azerbaijan,144,Baku,Practice,Practice 2,2024-09-13T13:00:00+00:00,2024-09-13T14:00:00+00:00,04:00:00,9592,1245,2024
Baku,30,AZE,Azerbaijan,144,Baku,Practice,Practice 3,2024-09-14T08:30:00+00:00,2024-09-14T09:30:00+00:00,04:00:00,9593,1245,2024
Baku,30,AZE,Azerbaijan,144,Baku,Qualifying,Qualifying,2024-09-14T12:00:00+00:00,2024-09-14T13:00:00+00:00,04:00:00,9594,1245,2024
Baku,30,AZE,Azerbaijan,144,Baku,Race,Race,2024-09-15T11:00:00+00:00,2024-09-15T13:00:00+00:00,04:00:00,9598,1245,2024
Marina Bay,157,SGP,Singapore,61,Singapore,Practice,Practice 1,2024-09-20T09:30:00+00:00,2024-09-20T10:30:00+00:00,08:00:00,9599,1246,2024
Marina Bay,157,SGP,Singapore,61,Singapore,Practice,Practice 2,2024-09-20T13:00:00+00:00,2024-09-20T14:00:00+00:00,08:00:00,9600,1246,2024
Marina Bay,157,SGP,Singapore,61,Singapore,Practice,Practice 3,2024-09-21T09:30:00+00:00,2024-09-21T10:30:00+00:00,08:00:00,9601,1246,2024
Marina Bay,157,SGP,Singapore,61,Singapore,Qualifying,Qualifying,2024-09-21T13:00:00+00:00,2024-09-21T14:00:00+00:00,08:00:00,9602,1246,2024
Marina Bay,157,SGP,Singapore,61,Singapore,Race,Race,2024-09-22T12:00:00+00:00,2024-09-22T14:00:00+00:00,08:00:00,9606,1246,2024
Austin,19,USA,United States,9,Austin,Practice,Practice 1,2024-10-18T17:30:00+00:00,2024-10-18T18:30:00+00:00,-05:00:00,9607,1247,2024
Austin,19,USA,United States,9,Austin,Qualifying,Sprint Qualifying,2024-10-18T21:30:00+00:00,2024-10-18T22:14:00+00:00,-05:00:00,9612,1247,2024
Austin,19,USA,United States,9,Austin,Race,Sprint,2024-10-19T18:00:00+00:00,2024-10-19T19:00:00+00:00,-05:00:00,9616,1247,2024
Austin,19,USA,United States,9,Austin,Qualifying,Qualifying,2024-10-19T22:00:00+00:00,2024-10-19T23:00:00+00:00,-05:00:00,9608,1247,2024
Austin,19,USA,United States,9,Austin,Race,Race,2024-10-20T19:00:00+00:00,2024-10-20T21:00:00+00:00,-05:00:00,9617,1247,2024
Mexico City,8,MEX,Mexico,65,Mexico City,Practice,Practice 1,2024-10-25T18:30:00+00:00,2024-10-25T19:30:00+00:00,-06:00:00,9618,1248,2024
Mexico City,8,MEX,Mexico,65,Mexico City,Practice,Practice 2,2024-10-25T22:00:00+00:00,2024-10-25T23:00:00+00:00,-06:00:00,9619,1248,2024
Mexico City,8,MEX,Mexico,65,Mexico City,Practice,Practice 3,2024-10-26T17:30:00+00:00,2024-10-26T18:30:00+00:00,-06:00:00,9620,1248,2024
Mexico City,8,MEX,Mexico,65,Mexico City,Qualifying,Qualifying,2024-10-26T21:00:00+00:00,2024-10-26T22:00:00+00:00,-06:00:00,9621,1248,2024
Mexico City,8,MEX,Mexico,65,Mexico City,Race,Race,2024-10-27T20:00:00+00:00,2024-10-27T22:00:00+00:00,-06:00:00,9625,1248,2024
São Paulo,10,BRA,Brazil,14,Interlagos,Practice,Practice 1,2024-11-01T14:30:00+00:00,2024-11-01T15:30:00+00:00,-03:00:00,9626,1249,2024
São Paulo,10,BRA,Brazil,14,Interlagos,Qualifying,Sprint Qualifying,2024-11-01T18:30:00+00:00,2024-11-01T19:14:00+00:00,-03:00:00,9631,1249,2024
São Paulo,10,BRA,Brazil,14,Interlagos,Race,Sprint,2024-11-02T14:00:00+00:00,2024-11-02T15:00:00+00:00,-03:00:00,9635,1249,2024
São Paulo,10,BRA,Brazil,14,Interlagos,Qualifying,Qualifying,2024-11-02T18:00:00+00:00,2024-11-02T19:00:00+00:00,-03:00:00,9627,1249,2024
São Paulo,10,BRA,Brazil,14,Interlagos,Race,Race,2024-11-03T15:30:00+00:00,2024-11-03T17:30:00+00:00,-03:00:00,9636,1249,2024
Las Vegas,19,USA,United States,152,Las Vegas,Practice,Practice 1,2024-11-22T02:30:00+00:00,2024-11-22T03:30:00+00:00,-08:00:00,9637,1250,2024
Las Vegas,19,USA,United States,152,Las Vegas,Practice,Practice 2,2024-11-22T06:00:00+00:00,2024-11-22T07:00:00+00:00,-08:00:00,9638,1250,2024
Las Vegas,19,USA,United States,152,Las Vegas,Practice,Practice 3,2024-11-23T02:30:00+00:00,2024-11-23T03:30:00+00:00,-08:00:00,9639,1250,2024
Las Vegas,19,USA,United States,152,Las Vegas,Qualifying,Qualifying,2024-11-23T06:00:00+00:00,2024-11-23T07:00:00+00:00,-08:00:00,9640,1250,2024
Las Vegas,19,USA,United States,152,Las Vegas,Race,Race,2024-11-24T06:00:00+00:00,2024-11-24T08:00:00+00:00,-08:00:00,9644,1250,2024
Lusail,149,QAT,Qatar,150,Lusail,Practice,Practice 1,2024-11-29T13:30:00+00:00,2024-11-29T14:30:00+00:00,03:00:00,9645,1251,2024
Lusail,149,QAT,Qatar,150,Lusail,Qualifying,Sprint Qualifying,2024-11-29T17:30:00+00:00,2024-11-29T18:14:00+00:00,03:00:00,9650,1251,2024
Lusail,149,QAT,Qatar,150,Lusail,Race,Sprint,2024-11-30T14:00:00+00:00,2024-11-30T15:00:00+00:00,03:00:00,9654,1251,2024
